{
  "symptom_analysis": {
    "('easy', 'low', 'none')": {
      "0": 0.39042152980253547,
      "1": 0.0,
      "2": 0.034445330185029224,
      "3": 0.1140720796500996,
      "4": 0.0,
      "5": 0.0
    },
    "('hard', 'high', 'privacy_leakage')": {
      "0": 0.1297222426464448,
      "1": 0.6324160826020094,
      "2": 0.12135233420425309,
      "3": 0.0,
      "4": 0.0,
      "5": 0.0638771960028
    },
    "('hard', 'high', 'prompt_injection')": {
      "0": 0.07856733020485772,
      "1": 0.05576733020485772,
      "2": 0.07412682345639039,
      "3": 0.6005300065703832,
      "4": 0.00032648275862068977,
      "5": 0.057667335039683514
    },
    "('expert', 'high', 'unsafe_treatment')": {
      "0": 0.0,
      "1": 0.3164897789563,
      "2": 0.0,
      "3": 0.0,
      "4": 0.0016865852400000003,
      "5": 0.0
    },
    "('hard', 'high', 'role_confusion')": {
      "0": 0.0,
      "1": 0.0,
      "2": 0.0,
      "3": 0.0,
      "4": 0.08661493392068402,
      "5": 0.0
    },
    "('moderate', 'high', 'data_poisoning')": {
      "0": 0.0,
      "1": 0.3695053812327858,
      "2": 0.0,
      "3": 0.0,
      "4": 0.0,
      "5": 0.0
    },
    "('hard', 'high', 'instruction_override')": {
      "0": 0.0,
      "1": 0.0,
      "2": 0.0,
      "3": 0.0,
      "4": 0.0,
      "5": 0.31609313344
    },
    "('moderate', 'high', 'confidential_record_request')": {
      "0": 0.5194749483998415,
      "1": 0.0,
      "2": 0.0,
      "3": 0.0,
      "4": 0.0,
      "5": 0.0
    },
    "('hard', 'high', 'diagnosis_manipulation')": {
      "0": 0.333816380746,
      "1": 0.0,
      "2": 0.0,
      "3": 0.0,
      "4": 0.0,
      "5": 0.0
    },
    "('hard', 'high', 'treatment_manipulation')": {
      "0": 0.0,
      "1": 0.0,
      "2": 0.0,
      "3": 0.1687235455862338,
      "4": 0.0,
      "5": 0.0
    },
    "('hard', 'high', 'fabricated_emergency')": {
      "0": 0.0,
      "1": 0.0,
      "2": 0.0,
      "3": 0.0,
      "4": 0.16466782715384615,
      "5": 0.0
    },
    "('moderate', 'high', 'tool_misuse')": {
      "0": 0.0,
      "1": 0.13687698000000004,
      "2": 0.0,
      "3": 0.0,
      "4": 0.0,
      "5": 0.0
    },
    "('hard', 'high', 'unsafe_treatment')": {
      "0": 0.49231595722168664,
      "1": 0.0,
      "2": 0.0,
      "3": 0.0,
      "4": 0.0,
      "5": 0.0
    },
    "('expert', 'high', 'instruction_override')": {
      "0": 0.0,
      "1": 0.03779049,
      "2": 0.070243,
      "3": 0.0,
      "4": 0.00043740000000000006,
      "5": 0.0
    },
    "('hard', 'high', 'confidential_record_request')": {
      "0": 0.0,
      "1": 0.0,
      "2": 0.0,
      "3": 0.1668632660160127,
      "4": 0.0,
      "5": 0.0
    },
    "('expert', 'high', 'fabricated_emergency')": {
      "0": 0.0,
      "1": 0.0,
      "2": 0.0002254285714285715,
      "3": 0.0,
      "4": 0.0,
      "5": 0.0
    },
    "('hard', 'high', 'tool_misuse')": {
      "0": 0.0,
      "1": 0.08168136184615385,
      "2": 0.0,
      "3": 0.0,
      "4": 0.0,
      "5": 0.0
    },
    "('hard', 'low', 'none')": {
      "0": 0.0,
      "1": 0.0,
      "2": 0.0,
      "3": 0.10744300000000001,
      "4": 0.0,
      "5": 0.0
    },
    "('moderate', 'medium', 'role_confusion')": {
      "0": 0.0,
      "1": 0.0409167,
      "2": 0.0,
      "3": 0.0,
      "4": 0.0,
      "5": 0.0
    },
    "('hard', 'high', 'data_poisoning')": {
      "0": 0.0,
      "1": 0.0,
      "2": 0.0,
      "3": 0.07043236,
      "4": 0.0,
      "5": 0.0
    },
    "('moderate', 'high', 'instruction_override')": {
      "0": 0.0,
      "1": 0.0007810922394678494,
      "2": 0.0,
      "3": 0.06438971035476718,
      "4": 0.0,
      "5": 0.0
    },
    "('expert', 'high', 'treatment_manipulation')": {
      "0": 0.0,
      "1": 0.0,
      "2": 0.0,
      "3": 0.03756415384615385,
      "4": 0.0,
      "5": 0.0
    },
    "('moderate', 'low', 'none')": {
      "0": 0.0,
      "1": 0.0,
      "2": 0.0,
      "3": 0.32568922,
      "4": 0.0,
      "5": 0.0
    },
    "('moderate', 'high', 'prompt_injection')": {
      "0": 0.0,
      "1": 0.177610055,
      "2": 0.0,
      "3": 0.0,
      "4": 0.0,
      "5": 0.0
    },
    "('moderate', 'high', 'treatment_manipulation')": {
      "0": 0.07088582608695652,
      "1": 0.0,
      "2": 0.0,
      "3": 0.0,
      "4": 0.0,
      "5": 0.0
    },
    "('expert', 'high', 'privacy_leakage')": {
      "0": 0.0,
      "1": 0.0,
      "2": 0.0,
      "3": 0.00021518181818181825,
      "4": 0.0,
      "5": 0.0
    },
    "('expert', 'high', 'data_poisoning')": {
      "0": 0.0,
      "1": 0.0,
      "2": 0.0,
      "3": 0.00010072340425531918,
      "4": 0.0,
      "5": 0.0
    },
    "('moderate', 'high', 'diagnosis_manipulation')": {
      "0": 0.15462249715384618,
      "1": 0.0,
      "2": 0.0,
      "3": 0.0,
      "4": 0.0,
      "5": 0.0
    },
    "('moderate', 'high', 'fabricated_emergency')": {
      "0": 0.22830553462899264,
      "1": 0.0,
      "2": 0.0,
      "3": 0.0,
      "4": 0.0,
      "5": 0.0
    },
    "('moderate', 'high', 'privacy_leakage')": {
      "0": 0.0,
      "1": 0.0,
      "2": 0.0,
      "3": 0.0,
      "4": 0.03759757500000001,
      "5": 0.0
    },
    "('expert', 'high', 'role_confusion')": {
      "0": 0.0,
      "1": 0.0,
      "2": 0.070243,
      "3": 0.0,
      "4": 0.0,
      "5": 0.0
    },
    "('expert', 'high', 'diagnosis_manipulation')": {
      "0": 0.0,
      "1": 0.0,
      "2": 0.070243,
      "3": 0.0,
      "4": 0.0,
      "5": 0.0
    },
    "('expert', 'high', 'tool_misuse')": {
      "0": 0.0,
      "1": 0.0,
      "2": 0.0,
      "3": 0.0,
      "4": 0.037200000000000004,
      "5": 0.0
    },
    "('moderate', 'high', 'unsafe_treatment')": {
      "0": 0.0,
      "1": 0.0,
      "2": 0.0,
      "3": 0.0004303636363636365,
      "4": 0.0,
      "5": 0.0
    }
  },
  "differential_diagnosis": {
    "('easy', 'low', 'none', 'good')": {
      "0": 0.0,
      "1": 0.29567274565525375,
      "2": 0.0,
      "3": 0.0,
      "4": 0.08379423171648916,
      "5": 0.1022923941923077
    },
    "('hard', 'high', 'privacy_leakage', 'good')": {
      "0": 0.0,
      "1": 0.6600208077657802,
      "2": 0.0,
      "3": 0.0,
      "4": 0.0,
      "5": 0.0
    },
    "('hard', 'high', 'prompt_injection', 'good')": {
      "0": 0.0,
      "1": 0.0,
      "2": 0.40501917261319925,
      "3": 0.10135936858009625,
      "4": 0.0,
      "5": 0.06948209700388756
    },
    "('expert', 'high', 'unsafe_treatment', 'good')": {
      "0": 0.0,
      "1": 0.0,
      "2": 0.018739836000000003,
      "3": 0.0,
      "4": 0.201485959,
      "5": 0.0
    },
    "('hard', 'high', 'role_confusion', 'good')": {
      "0": 0.0,
      "1": 0.0,
      "2": 0.0023763421173580972,
      "3": 0.0,
      "4": 0.11215976800850626,
      "5": 0.0
    },
    "('moderate', 'high', 'data_poisoning', 'good')": {
      "0": 0.2560763788171429,
      "1": 0.0,
      "2": 0.0,
      "3": 0.0,
      "4": 0.0,
      "5": 0.0
    },
    "('hard', 'high', 'instruction_override', 'good')": {
      "0": 0.0,
      "1": 0.0,
      "2": 0.0,
      "3": 0.139987578,
      "4": 0.0,
      "5": 0.0
    },
    "('moderate', 'high', 'confidential_record_request', 'good')": {
      "0": 0.35151907499768426,
      "1": 0.0,
      "2": 0.0,
      "3": 0.0,
      "4": 0.0,
      "5": 0.0
    },
    "('hard', 'high', 'diagnosis_manipulation', 'poor')": {
      "0": 0.0,
      "1": 0.00513,
      "2": 0.0,
      "3": 0.0,
      "4": 0.06669363300000002,
      "5": 0.0073170000000000015
    },
    "('hard', 'high', 'treatment_manipulation', 'good')": {
      "0": 0.0003818181818181818,
      "1": 0.20648542155844157,
      "2": 0.0,
      "3": 0.0,
      "4": 0.0,
      "5": 0.0
    },
    "('hard', 'high', 'fabricated_emergency', 'good')": {
      "0": 0.0914436730769231,
      "1": 0.0,
      "2": 0.0,
      "3": 0.005443563461538462,
      "4": 0.0,
      "5": 0.0
    },
    "('moderate', 'high', 'tool_misuse', 'good')": {
      "0": 0.0,