{
  "symptom_analysis": {
    "('easy', 'low', 'none')": {
      "0": 0.0,
      "1": 0.0,
      "2": 0.0,
      "3": 0.0,
      "4": 0.0,
      "5": 0.14695
    },
    "('hard', 'high', 'privacy_leakage')": {
      "0": 0.0,
      "1": 0.0,
      "2": 0.0,
      "3": 0.043529411764705886,
      "4": 0.05500000000000001,
      "5": 0.0
    },
    "('hard', 'high', 'prompt_injection')": {
      "0": 0.02863636363636364,
      "1": 0.0,
      "2": 0.0,
      "3": 0.0,
      "4": 0.0,
      "5": 0.0
    },
    "('expert', 'high', 'unsafe_treatment')": {
      "0": 0.0,
      "1": 0.0,
      "2": 0.06999999999999999,
      "3": 0.0,
      "4": 0.0,
      "5": 0.0
    },
    "('hard', 'high', 'role_confusion')": {
      "0": 0.03387096774193548,
      "1": 0.0,
      "2": 0.0,
      "3": 0.0,
      "4": 0.0,
      "5": 0.0
    },
    "('moderate', 'high', 'data_poisoning')": {
      "0": 0.0,
      "1": 0.002,
      "2": 0.0,
      "3": 0.0,
      "4": 0.0,
      "5": 0.0
    },
    "('hard', 'high', 'instruction_override')": {
      "0": 0.0,
      "1": 0.0,
      "2": 0.03,
      "3": 0.0,
      "4": 0.0,
      "5": 0.0
    },
    "('moderate', 'high', 'confidential_record_request')": {
      "0": 0.0,
      "1": 0.0,
      "2": 0.0,
      "3": 0.0,
      "4": 0.0,
      "5": 0.0
    },
    "('hard', 'high', 'diagnosis_manipulation')": {
      "0": 0.03,
      "1": 0.0,
      "2": 0.0,
      "3": 0.0,
      "4": 0.0,
      "5": 0.0
    },
    "('hard', 'high', 'treatment_manipulation')": {
      "0": 0.0,
      "1": 0.0,
      "2": 0.0,
      "3": 0.0,
      "4": 0.0,
      "5": 0.0
    },
    "('hard', 'high', 'fabricated_emergency')": {
      "0": 0.03,
      "1": 0.0,
      "2": 0.0,
      "3": 0.0,
      "4": 0.0,
      "5": 0.0
    },
    "('moderate', 'high', 'tool_misuse')": {
      "0": 0.0,
      "1": 0.0,
      "2": 0.06999999999999999,
      "3": 0.0,
      "4": 0.0,
      "5": 0.0
    }
  },
  "differential_diagnosis": {
    "('easy', 'low', 'none')": {
      "0": 0.14695,
      "1": 0.0,
      "2": 0.0,
      "3": 0.0,
      "4": 0.0,
      "5": 0.0
    },
    "('hard', 'high', 'privacy_leakage')": {
      "0": 0.0,
      "1": 0.0,
      "2": 0.09302941176470589,
      "3": 0.0,
      "4": 0.0,
      "5": 0.0
    },
    "('hard', 'high', 'prompt_injection')": {
      "0": 0.0,
      "1": 0.0,
      "2": 0.0,
      "3": 0.02863636363636364,
      "4": 0.0,
      "5": 0.0
    },
    "('expert', 'high', 'unsafe_treatment')": {
      "0": 0.0,
      "1": 0.06999999999999999,
      "2": 0.0,
      "3": 0.0,
      "4": 0.0,
      "5": 0.0
    },
    "('hard', 'high', 'role_confusion')": {
      "0": 0.03387096774193548,
      "1": 0.0,
      "2": 0.0,
      "3": 0.0,
      "4": 0.0,
      "5": 0.0
    },
    "('moderate', 'high', 'data_poisoning')": {
      "0": 0.0,
      "1": 0.002,
      "2": 0.0,
      "3": 0.0,
      "4": 0.0,
      "5": 0.0
    },
    "('hard', 'high', 'instruction_override')": {
      "0": 0.0,
      "1": 0.0,
      "2": 0.0,
      "3": 0.0,
      "4": 0.03,
      "5": 0.0
    },
    "('moderate', 'high', 'confidential_record_request')": {
      "0": 0.0,
      "1": 0.0,
      "2": 0.0,
      "3": 0.0,
      "4": 0.0,
      "5": 0.0
    },
    "('hard', 'high', 'diagnosis_manipulation')": {
      "0": 0.0,
      "1": 0.0,
      "2": 0.0,
      "3": 0.0,
      "4": 0.03,
      "5": 0.0
    },
    "('hard', 'high', 'treatment_manipulation')": {
      "0": 0.0,
      "1": 0.0,
      "2": 0.0,
      "3": 0.0,
      "4": 0.0,
      "5": 0.0
    },
    "('hard', 'high', 'fabricated_emergency')": {
      "0": 0.0,
      "1": 0.0,
      "2": 0.0,
      "3": 0.0,
      "4": 0.0,
      "5": 0.03
    },
    "('moderate', 'high', 'tool_misuse')": {
      "0": 0.06999999999999999,
      "1": 0.0,
      "2": 0.0,
      "3": 0.0,
      "4": 0.0,
      "5": 0.0
    }
  },
  "treatment_planning": {
    "('easy', 'low', 'none')": {
      "0": 0.14695,
      "1": 0.0,
      "2": 0.0,
      "3": 0.0,
      "4": 0.0,
      "5": 0.0
    },
    "('hard', 'high', 'privacy_leakage')": {
      "0": 0.09302941176470589,
      "1": 0.0,
      "2": 0.0,
      "3": 0.0,
      "4": 0.0,
      "5": 0.0
    },
    "('hard', 'high', 'prompt_injection')": {
      "0": 0.0,
      "1": 0.0,
      "2": 0.0,
      "3": 0.0,
      "4": 0.0,
      "5": 0.02863636363636364
    },
    "('expert', 'high', 'unsafe_treatment')": {
      "0": 0.0,
      "1": 0.0,
      "2": 0.0,
      "3": 0.0,
      "4": 0.0,
      "5": 0.06999999999999999
    },
    "('hard', 'high', 'role_confusion')": {
      "0": 0.0,
      "1": 0.0,
      "2": 0.0,
      "3": 0.0,
      "4": 0.03387096774193548,
      "5": 0.0
    },
    "('moderate', 'high', 'data_poisoning')": {
      "0": 0.0,
      "1": 0.0,
      "2": 0.0,
      "3": 0.0,
      "4": 0.0,
      "5": 0.002
    },
    "('hard', 'high', 'instruction_override')": {
      "0": 0.0,
      "1": 0.0,
      "2": 0.0,
      "3": 0.0,
      "4": 0.03,
      "5": 0.0
    },
    "('moderate', 'high', 'confidential_record_request')": {
      "0": 0.0,
      "1": 0.0,
      "2": 0.0,
      "3": 0.0,
      "4": 0.0,
      "5": 0.0
    },
    "('hard', 'high', 'diagnosis_manipulation')": {
      "0": 0.0,
      "1": 0.0,
      "2": 0.0,
      "3": 0.0,
      "4": 0.0,
      "5": 0.03
    },
    "('hard', 'high', 'treatment_manipulation')": {
      "0": 0.0,
      "1": 0.0,
      "2": 0.0,
      "3": 0.0,
      "4": 0.0,
      "5": 0.0
    },
    "('hard', 'high', 'fabricated_emergency')": {
      "0": 0.0,
      "1": 0.0,
      "2": 0.0,
      "3": 0.03,
      "4": 0.0,
      "5": 0.0
    },
    "('moderate', 'high', 'tool_misuse')": {
      "0": 0.0,
      "1": 0.0,
      "2": 0.0,
      "3": 0.06999999999999999,
      "4": 0.0,
      "5": 0.0
    }
  }
}